<?xml version="1.0" encoding="UTF-8"?>
<definitions xmlns="http://www.omg.org/spec/BPMN/20100524/MODEL" xmlns:xsi="http://www.w3.org/2001/XMLSchema-instance" xmlns:xsd="http://www.w3.org/2001/XMLSchema" xmlns:activiti="http://activiti.org/bpmn" xmlns:bpmndi="http://www.omg.org/spec/BPMN/20100524/DI" xmlns:omgdc="http://www.omg.org/spec/DD/20100524/DC" xmlns:omgdi="http://www.omg.org/spec/DD/20100524/DI" typeLanguage="http://www.w3.org/2001/XMLSchema" expressionLanguage="http://www.w3.org/1999/XPath" targetNamespace="Examples">
  <message id="messageId" name="MyMessage"></message>
  <process id="simpleProcess" name="Simple Process" isExecutable="true">
    <extensionElements>
      <activiti:eventListener class="com.javasampleapproach.activiti.eventlistener.listener.MyEventListener"></activiti:eventListener>
    </extensionElements>
    <startEvent id="start">
      <messageEventDefinition messageRef="messageId"></messageEventDefinition>
    </startEvent>
    <sequenceFlow id="sequenceFlow-e47e813d-7224-4f31-b618-f635b1ae5bd8" sourceRef="start" targetRef="theTask"></sequenceFlow>
    <userTask id="theTask" name="Task" activiti:async="true" activiti:assignee="${person}">
      <documentation>Do the task.</documentation>
    </userTask>
    <sequenceFlow id="sequenceFlow-9dabcade-428e-4830-982f-6f78c0bc1e1a" sourceRef="theTask" targetRef="anotherTask"></sequenceFlow>
    <userTask id="anotherTask" name="Another Task" activiti:async="true" activiti:assignee="${person}">
      <documentation>Do Another task.</documentation>
    </userTask>
    <sequenceFlow id="sequenceFlow-c2a05096-9111-44a1-b280-a10ddcdd2b06" sourceRef="anotherTask" targetRef="theEnd"></sequenceFlow>
    <endEvent id="theEnd"></endEvent>
  </process>
  <bpmndi:BPMNDiagram id="BPMNDiagram_simpleProcess">
    <bpmndi:BPMNPlane bpmnElement="simpleProcess" id="BPMNPlane_simpleProcess">
      <bpmndi:BPMNShape bpmnElement="start" id="BPMNShape_start">
        <omgdc:Bounds height="35.0" width="35.0" x="0.0" y="15.0"></omgdc:Bounds>
      </bpmndi:BPMNShape>
      <bpmndi:BPMNShape bpmnElement="theTask" id="BPMNShape_theTask">
        <omgdc:Bounds height="60.0" width="100.0" x="80.0" y="0.0"></omgdc:Bounds>
      </bpmndi:BPMNShape>
      <bpmndi:BPMNShape bpmnElement="anotherTask" id="BPMNShape_anotherTask">
        <omgdc:Bounds height="60.0" width="100.0" x="230.0" y="0.0"></omgdc:Bounds>
      </bpmndi:BPMNShape>
      <bpmndi:BPMNShape bpmnElement="theEnd" id="BPMNShape_theEnd">
        <omgdc:Bounds height="35.0" width="35.0" x="380.0" y="15.0"></omgdc:Bounds>
      </bpmndi:BPMNShape>
      <bpmndi:BPMNEdge bpmnElement="sequenceFlow-e47e813d-7224-4f31-b618-f635b1ae5bd8" id="BPMNEdge_sequenceFlow-e47e813d-7224-4f31-b618-f635b1ae5bd8">
        <omgdi:waypoint x="35.0" y="32.0"></omgdi:waypoint>
        <omgdi:waypoint x="42.0" y="30.0"></omgdi:waypoint>
        <omgdi:waypoint x="42.0" y="30.0"></omgdi:waypoint>
        <omgdi:waypoint x="80.0" y="30.0"></omgdi:waypoint>
      </bpmndi:BPMNEdge>
      <bpmndi:BPMNEdge bpmnElement="sequenceFlow-9dabcade-428e-4830-982f-6f78c0bc1e1a" id="BPMNEdge_sequenceFlow-9dabcade-428e-4830-982f-6f78c0bc1e1a">
        <omgdi:waypoint x="180.0" y="30.0"></omgdi:waypoint>
        <omgdi:waypoint x="192.0" y="30.0"></omgdi:waypoint>
        <omgdi:waypoint x="192.0" y="30.0"></omgdi:waypoint>
        <omgdi:waypoint x="230.0" y="30.0"></omgdi:waypoint>
      </bpmndi:BPMNEdge>
      <bpmndi:BPMNEdge bpmnElement="sequenceFlow-c2a05096-9111-44a1-b280-a10ddcdd2b06" id="BPMNEdge_sequenceFlow-c2a05096-9111-44a1-b280-a10ddcdd2b06">
        <omgdi:waypoint x="330.0" y="30.0"></omgdi:waypoint>
        <omgdi:waypoint x="342.0" y="30.0"></omgdi:waypoint>
        <omgdi:waypoint x="342.0" y="30.0"></omgdi:waypoint>
        <omgdi:waypoint x="380.0" y="32.0"></omgdi:waypoint>
      </bpmndi:BPMNEdge>
    </bpmndi:BPMNPlane>
  </bpmndi:BPMNDiagram>
</definitions>