<?xml version="1.0" encoding="UTF-8"?>
<definitions xmlns="http://www.omg.org/spec/BPMN/20100524/MODEL" xmlns:xsi="http://www.w3.org/2001/XMLSchema-instance" xmlns:xsd="http://www.w3.org/2001/XMLSchema" xmlns:activiti="http://activiti.org/bpmn" xmlns:bpmndi="http://www.omg.org/spec/BPMN/20100524/DI" xmlns:omgdc="http://www.omg.org/spec/DD/20100524/DC" xmlns:omgdi="http://www.omg.org/spec/DD/20100524/DI" xmlns:modeler="http://activiti.com/modeler" typeLanguage="http://www.w3.org/2001/XMLSchema" expressionLanguage="http://www.w3.org/1999/XPath" targetNamespace="http://www.activiti.org/processdef" modeler:version="1.0en" modeler:exportDateTime="20180507214455370" modeler:modelId="4004" modeler:modelVersion="1" modeler:modelLastUpdated="1525709686819">
  <process id="testprocess" name="testprocess" isExecutable="true">
    <startEvent id="startEvent1">
      <extensionElements>
        <modeler:editor-resource-id>startEvent1</modeler:editor-resource-id>
      </extensionElements>
    </startEvent>
    <userTask id="sid-1DE1AA03-CB97-4487-A52C-233D81C33D48" name="Task 1" activiti:assignee="${person.name}">
      <documentation>Executing First Task</documentation>
      <extensionElements>
        <modeler:allow-send-email>true</modeler:allow-send-email>
        <modeler:initiator-can-complete>false</modeler:initiator-can-complete>
        <modeler:editor-resource-id>sid-1DE1AA03-CB97-4487-A52C-233D81C33D48</modeler:editor-resource-id>
      </extensionElements>
    </userTask>
    <sequenceFlow id="sid-2D18BF64-EB60-4A22-ACA8-AB81783ABFF5" sourceRef="startEvent1" targetRef="sid-1DE1AA03-CB97-4487-A52C-233D81C33D48">
      <extensionElements>
        <modeler:editor-resource-id>sid-2D18BF64-EB60-4A22-ACA8-AB81783ABFF5</modeler:editor-resource-id>
      </extensionElements>
    </sequenceFlow>
    <userTask id="sid-4F23DD93-B0D0-4C8F-98EE-E3C87A8DD85F" name="Task 2" activiti:assignee="${person.name}">
      <documentation>Working on second task</documentation>
      <extensionElements>
        <modeler:allow-send-email>true</modeler:allow-send-email>
        <modeler:initiator-can-complete>false</modeler:initiator-can-complete>
        <modeler:editor-resource-id>sid-4F23DD93-B0D0-4C8F-98EE-E3C87A8DD85F</modeler:editor-resource-id>
      </extensionElements>
    </userTask>
    <sequenceFlow id="sid-D4C26E07-CE86-47EC-93BA-F9DB0673918C" sourceRef="sid-1DE1AA03-CB97-4487-A52C-233D81C33D48" targetRef="sid-4F23DD93-B0D0-4C8F-98EE-E3C87A8DD85F">
      <extensionElements>
        <modeler:editor-resource-id>sid-D4C26E07-CE86-47EC-93BA-F9DB0673918C</modeler:editor-resource-id>
      </extensionElements>
    </sequenceFlow>
    <endEvent id="sid-FD715A5E-4AD5-4108-B18B-C2ED389973D9">
      <extensionElements>
        <modeler:editor-resource-id>sid-FD715A5E-4AD5-4108-B18B-C2ED389973D9</modeler:editor-resource-id>
      </extensionElements>
    </endEvent>
    <sequenceFlow id="sid-B3DCF718-FB07-45BC-960D-F4073F53B0AB" sourceRef="sid-4F23DD93-B0D0-4C8F-98EE-E3C87A8DD85F" targetRef="sid-FD715A5E-4AD5-4108-B18B-C2ED389973D9">
      <extensionElements>
        <modeler:editor-resource-id>sid-B3DCF718-FB07-45BC-960D-F4073F53B0AB</modeler:editor-resource-id>
      </extensionElements>
    </sequenceFlow>
  </process>
  <bpmndi:BPMNDiagram id="BPMNDiagram_testprocess">
    <bpmndi:BPMNPlane bpmnElement="testprocess" id="BPMNPlane_testprocess">
      <bpmndi:BPMNShape bpmnElement="startEvent1" id="BPMNShape_startEvent1">
        <omgdc:Bounds height="35.0" width="35.0" x="100.0" y="163.0"></omgdc:Bounds>
      </bpmndi:BPMNShape>
      <bpmndi:BPMNShape bpmnElement="sid-1DE1AA03-CB97-4487-A52C-233D81C33D48" id="BPMNShape_sid-1DE1AA03-CB97-4487-A52C-233D81C33D48">
        <omgdc:Bounds height="80.0" width="100.0" x="175.0" y="138.0"></omgdc:Bounds>
      </bpmndi:BPMNShape>
      <bpmndi:BPMNShape bpmnElement="sid-4F23DD93-B0D0-4C8F-98EE-E3C87A8DD85F" id="BPMNShape_sid-4F23DD93-B0D0-4C8F-98EE-E3C87A8DD85F">
        <omgdc:Bounds height="80.0" width="100.0" x="330.0" y="138.0"></omgdc:Bounds>
      </bpmndi:BPMNShape>
      <bpmndi:BPMNShape bpmnElement="sid-FD715A5E-4AD5-4108-B18B-C2ED389973D9" id="BPMNShape_sid-FD715A5E-4AD5-4108-B18B-C2ED389973D9">
        <omgdc:Bounds height="35.0" width="35.0" x="510.0" y="164.0"></omgdc:Bounds>
      </bpmndi:BPMNShape>
      <bpmndi:BPMNEdge bpmnElement="sid-2D18BF64-EB60-4A22-ACA8-AB81783ABFF5" id="BPMNEdge_sid-2D18BF64-EB60-4A22-ACA8-AB81783ABFF5">
        <omgdi:waypoint x="135.0" y="180.0"></omgdi:waypoint>
        <omgdi:waypoint x="175.0" y="178.0"></omgdi:waypoint>
      </bpmndi:BPMNEdge>
      <bpmndi:BPMNEdge bpmnElement="sid-D4C26E07-CE86-47EC-93BA-F9DB0673918C" id="BPMNEdge_sid-D4C26E07-CE86-47EC-93BA-F9DB0673918C">
        <omgdi:waypoint x="275.0" y="178.0"></omgdi:waypoint>
        <omgdi:waypoint x="330.0" y="178.0"></omgdi:waypoint>
      </bpmndi:BPMNEdge>
      <bpmndi:BPMNEdge bpmnElement="sid-B3DCF718-FB07-45BC-960D-F4073F53B0AB" id="BPMNEdge_sid-B3DCF718-FB07-45BC-960D-F4073F53B0AB">
        <omgdi:waypoint x="430.0" y="178.0"></omgdi:waypoint>
        <omgdi:waypoint x="510.0" y="181.0"></omgdi:waypoint>
      </bpmndi:BPMNEdge>
    </bpmndi:BPMNPlane>
  </bpmndi:BPMNDiagram>
</definitions>